AA1F,,,AA2F,,,AA3H,,,AA4H,,,AA5F,,,AA6F,,,AA7H,,,AA8H,,,AA9F,,,AA10H,,,AA11F,,,AA12H,,
Présentation,Essai,Test,Présentation,Essai,Test,Présentation,Essai,Test,Présentation,Essai,Test,Présentation,Essai,Test,Présentation,Essai,Test,Présentation,Essai,Test,Présentation,Essai,Test,Présentation,Essai,Test,Présentation,Essai,Test,Présentation,Essai,Test,Présentation,Essai,Test
ba,ba,ba,ép,ép,ba,ta,dé,ba,lu,lu,lu,to,si,ch,lu,li,li,ti,vo,al,ép,cl,ba,ép,ép,ép,mo,cl,mo,ép,to,br,ép,ba,ti
br,pi,br,li,li,ti,li,vo,co,ch,ba,ch,li,lu,vo,cl,vo,vo,li,ép,ba,al,vo,br,ba,ti,cu,co,ép,cu,mo,ba,to,cu,cl,dé
al,br,ti,ti,si,si,ép,ba,al,ta,ch,si,ép,li,cl,ch,la,al,pi,ch,dé,ta,pi,ti,ti,si,si,ch,br,ti,ch,si,cl,ba,ti,pi
co,ti,ca,mo,ba,al,ba,al,cl,ba,ca,li,br,ép,br,ép,al,la,ta,br,ép,ca,ba,to,al,pi,vo,br,ca,cl,li,ti,si,vo,pi,la
pi,al,si,si,vo,vo,ti,co,vo,al,br,vo,ca,to,ép,ta,br,ép,cu,co,si,lu,br,ép,ta,cl,li,ca,lu,br,to,br,ti,ch,ca,ba
lu,lu,al,la,cu,cu,lu,pi,to,ca,dé,br,mo,cl,al,la,ép,br,br,ti,pi,mo,si,li,dé,al,ti,li,co,lu,lu,cl,la,ta,la,mo
ch,cu,ch,cu,br,br,la,br,pi,to,to,cu,ba,br,to,br,ch,pi,dé,al,ti,br,la,ch,pi,la,ta,cu,ti,co,al,ta,ép,la,si,lu
cu,ch,vo,ch,mo,mo,ch,dé,br,li,li,dé,co,ch,li,ba,dé,cl,mo,ca,li,la,li,la,lu,li,dé,ti,si,ch,si,ép,ba,mo,dé,al
to,li,ta,br,ta,li,cu,ch,lu,ti,ép,co,ta,ca,,dé,cu,dé,si,pi,co,si,ti,vo,la,vo,pi,ta,mo,ca,ba,la,ta,br,br,to
cl,si,cu,ba,ch,ta,to,lu,ch,cu,si,la,ch,,,ca,ta,lu,al,li,ch,cu,lu,dé,si,cu,ch,si,ch,vo,dé,dé,,to,to,ca
dé,ép,ép,lu,dé,ch,pi,ép,ta,vo,co,ca,ti,,,vo,cl,ta,to,cl,cl,ch,ca,ta,li,dé,la,al,cu,,ti,,,ca,mo,vo
ta,la,la,dé,to,cl,dé,li,ti,ép,vo,ba,cu,,,ti,lu,cu,ép,ta,dé,to,ch,cu,ca,,,la,,,ca,,,ti,lu,cl
ti,cl,pi,al,cl,dé,mo,to,dé,mo,cu,mo,cl,,,al,co,co,ch,ba,vo,ti,to,al,cu,,,pi,,,cu,,,lu,vo,si
vo,ca,li,ca,ti,,br,si,si,si,la,al,pi,,,co,pi,ba,lu,si,lu,co,ép,lu,ch,,,ba,,,pi,,,li,co,
mo,to,dé,co,al,,ca,ta,li,la,,,la,,,mo,,,la,,,ba,dé,,vo,,,lu,,,cl,,,pi,,
ép,dé,,to,,,al,ti,ép,cl,,,al,,,cu,,,ba,,,dé,,,to,,,cl,,,co,,,al,,
ca,ta,,cl,,,si,,,pi,,,dé,,,pi,,,ca,,,li,,,co,,,dé,,,ta,,,si,,
li,,,vo,,,co,,,br,,,vo,,,to,,,cl,,,pi,,,cl,,,to,,,br,,,dé,,
la,,,ta,,,vo,,,co,,,lu,,,si,,,co,,,vo,,,br,,,ép,,,la,,,co,,
si,,,pi,,,cl,,,dé,,,si,,,li,,,vo,,,cl,,,mo,,,vo,,,vo,,,cl,,
