AB1H,,,AB2F,,,AB3H,,,AB4F,,,AB5F,,,AB6H,,,AB7F,,,AB8H,,,AB9H,,,AB10F,,,AB11H,,,AB12F,,
Présentation,Essai,Test,Présentation,Essai,Test,Présentation,Essai,Test,Présentation,Essai,Test,Présentation,Essai,Test,Présentation,Essai,Test,Présentation,Essai,Test,Présentation,Essai,Test,Présentation,Essai,Test,Présentation,Essai,Test,Présentation,Essai,Test,Présentation,Essai,Test
br,to,ba,mo,ta,co,to,to,to,lu,al,cu,ch,la,la,br,si,si,lu,vo,lu,ép,co,ép,ti,ti,ti,li,dé,ti,ép,ép,ép,ba,ba,ba
mo,ti,cu,al,ép,pi,ch,ch,ba,al,ch,ch,li,si,ti,li,ta,br,ch,cl,ch,ta,vo,cu,ép,to,cl,cu,vo,si,co,dé,vo,br,br,br
ép,ba,vo,cl,cu,ba,li,ba,vo,ta,to,al,br,li,ch,ta,lu,vo,pi,ba,pi,lu,cl,vo,si,li,li,to,to,mo,ta,br,si,ép,la,si
ti,cu,ta,li,ba,ch,vo,al,ti,ép,cl,pi,si,cl,lu,ca,co,ti,co,co,co,br,ta,ti,ca,al,ba,mo,ti,al,li,lu,ch,ch,dé,vo
pi,pi,lu,ca,si,si,ca,vo,ch,ti,lu,dé,ta,ta,si,ép,cu,ba,mo,lu,al,vo,ti,li,lu,ép,br,br,cl,dé,ti,vo,lu,ca,ti,co
ta,cl,li,cu,dé,ta,si,dé,pi,ca,br,ti,ép,vo,cl,mo,br,co,si,ch,la,al,ba,dé,ch,ch,vo,ta,ch,ch,to,si,ba,ti,li,dé
al,si,si,ép,pi,ép,ta,pi,ca,li,ti,ba,ti,cu,vo,la,pi,al,al,ti,to,cu,ép,ba,ta,vo,ch,ca,mo,vo,lu,ti,dé,si,vo,al
dé,vo,pi,ta,co,cu,ba,mo,cu,ba,vo,mo,vo,lu,ta,to,ba,cl,cu,la,vo,ca,cu,ta,co,co,dé,la,al,to,dé,co,co,mo,co,ti
cu,ta,co,ba,lu,cl,ti,ca,si,mo,la,si,to,ch,ca,ba,ti,,ép,ca,mo,la,li,,mo,br,ca,lu,ba,ba,al,ba,pi,ta,si,li
co,li,cl,dé,ca,mo,lu,ti,,br,pi,vo,ba,ép,pi,pi,vo,,ti,li,ti,si,dé,,ba,cu,al,ti,si,ta,si,ch,cl,al,,
li,co,to,co,li,ti,co,ta,,co,dé,cl,mo,br,dé,ch,al,,to,pi,li,ti,,,to,dé,co,ép,ca,lu,pi,,,dé,,
ca,lu,al,lu,cl,li,dé,cu,,la,ba,lu,cu,dé,ép,si,cl,,ta,ta,ta,to,,,pi,ba,,ch,ta,,cu,,,la,,
vo,,dé,vo,br,ca,mo,,,si,li,li,dé,pi,al,lu,ép,,ba,to,,dé,,,cu,cl,,si,br,,la,,,to,,
cl,,mo,ti,la,la,cu,,,dé,cu,ca,cl,ti,mo,co,,,cl,al,,mo,,,la,,,ba,,,mo,,,cl,,
si,,,la,ch,,la,,,vo,,to,pi,ca,li,vo,,,la,,,co,,,br,,,co,,,ca,,,pi,,
la,,,ch,ti,,pi,,,to,,la,lu,,br,ti,,,br,,,pi,,,cl,,,al,,,ch,,,cu,,
lu,,,si,,,ép,,,pi,,,la,,,cu,,,ca,,,li,,,li,,,cl,,,vo,,,lu,,
ch,,,to,,,br,,,cl,,,co,,,cl,,,dé,,,ch,,,dé,,,pi,,,cl,,,li,,
to,,,br,,,al,,,ch,,,ca,,,dé,,,li,,,ba,,,vo,,,vo,,,ba,,,vo,,
ba,,,pi,,,cl,,,cu,,,al,,,al,,,vo,,,cl,,,al,,,dé,,,,,,co,,